description,__CLASS__,location,id,redirect_url,salary_max,category,longitude,adref,title,salary_is_predicted,created,latitude,salary_min,company,contract_type,contract_time
"Job Description The New York City Department of Youth and Community Development (DYCD) invests in a network of community-based organizations and programs to alleviate the effects of poverty and to provide opportunities for New Yorkers and communities to flourish. The Workforce Connect division manages a portfolio of programs that seek to expand opportunities for New York City's young people through employment programs that help youth ages 14 to 24 gain work experience, acquire necessary work re…",Adzuna::API::Response::Job,"{'__CLASS__': 'Adzuna::API::Response::Location', 'area': ['US', 'New York', 'New York City', 'Manhattan', 'Grand Central'], 'display_name': 'Grand Central, Manhattan'}",4805899459,https://www.adzuna.com/details/4805899459?utm_medium=api&utm_source=962be41e,66092.03,"{'__CLASS__': 'Adzuna::API::Response::Category', 'label': 'IT Jobs', 'tag': 'it-jobs'}",-73.978504,eyJhbGciOiJIUzI1NiJ9.eyJzIjoicUdEUXN5X2U3eEczWFU5eDc4aHF0USIsImkiOiI0ODA1ODk5NDU5In0.OE3E_X3_zr7whCdcrcm1HZIVoDS0scnR62qurEVFudE,Data Analyst,1,2024-08-01T16:21:38Z,40.755381,66092.03,"{'__CLASS__': 'Adzuna::API::Response::Company', 'display_name': 'City of New York'}",,
"Job Description The NYC Department of Environmental Protection (DEP) enriches the environment and protects public health for all New Yorkers by providing 1.1 billion gallons of high quality drinking water, managing wastewater and stormwater, and reducing air, noise, and hazardous materials pollution. DEP is the largest combined municipal water and wastewater utility in the country, with nearly 6,000 employees. DEP's water supply system is comprised of 19 reservoirs and 3 controlled lakes throug…",Adzuna::API::Response::Job,"{'area': ['US', 'New York', 'New York City', 'Manhattan', 'Grand Central'], 'display_name': 'Grand Central, Manhattan', '__CLASS__': 'Adzuna::API::Response::Location'}",4566396607,https://www.adzuna.com/details/4566396607?utm_medium=api&utm_source=962be41e,111826.77,"{'tag': 'scientific-qa-jobs', 'label': 'Scientific & QA Jobs', '__CLASS__': 'Adzuna::API::Response::Category'}",-73.978504,eyJhbGciOiJIUzI1NiJ9.eyJpIjoiNDU2NjM5NjYwNyIsInMiOiJxR0RRc3lfZTd4RzNYVTl4NzhocXRRIn0.FgxtBAN8ioLCKTlJAmGf24PJXgX6hPpLHldkgN-xdw0,Data Analyst,1,2024-02-12T15:04:50Z,40.755381,111826.77,"{'__CLASS__': 'Adzuna::API::Response::Company', 'display_name': 'City of New York'}",,
"Job Description The Office of Asylum Seeker Operations (OASO) is leading New York City's response to, and service provision for, the influx of asylum seekers. New York City's response is unique throughout the nation and includes complex services for asylum seekers, including but not limited to legal supports, advocacy, shelter, education, workforce training, clothing and food donations, and collaboration with faith-based and community-based organizations. OASO coordinates between agencies, make…",Adzuna::API::Response::Job,"{'display_name': 'Grand Central, Manhattan', 'area': ['US', 'New York', 'New York City', 'Manhattan', 'Grand Central'], '__CLASS__': 'Adzuna::API::Response::Location'}",4892780177,https://www.adzuna.com/details/4892780177?utm_medium=api&utm_source=962be41e,87420.72,"{'tag': 'it-jobs', 'label': 'IT Jobs', '__CLASS__': 'Adzuna::API::Response::Category'}",-73.978504,eyJhbGciOiJIUzI1NiJ9.eyJzIjoicUdEUXN5X2U3eEczWFU5eDc4aHF0USIsImkiOiI0ODkyNzgwMTc3In0.C4bPnw4N6QtIpl8-40JycOJsEgTgZjll2hwT9MJ0gvA,DATA ANALYST,1,2024-10-07T16:30:43Z,40.755381,87420.72,"{'__CLASS__': 'Adzuna::API::Response::Company', 'display_name': 'City of New York'}",,
"Job Description The mission of the Department of Veterans' Services is to connect, mobilize, and empower New York City's Veteran Community in order to foster purpose-driven lives for New York City Service Members - past and present - in addition to their caregivers, survivors, and families. DVS fulfills this mission by providing New York City's approximately 200,000 Veterans with essential services and programs focused on pivotal areas such as economic empowerment, housing security, benefits, h…",Adzuna::API::Response::Job,"{'__CLASS__': 'Adzuna::API::Response::Location', 'display_name': 'Grand Central, Manhattan', 'area': ['US', 'New York', 'New York City', 'Manhattan', 'Grand Central']}",4945818621,https://www.adzuna.com/details/4945818621?utm_medium=api&utm_source=962be41e,71890.02,"{'__CLASS__': 'Adzuna::API::Response::Category', 'tag': 'it-jobs', 'label': 'IT Jobs'}",-73.978504,eyJhbGciOiJIUzI1NiJ9.eyJpIjoiNDk0NTgxODYyMSIsInMiOiJxR0RRc3lfZTd4RzNYVTl4NzhocXRRIn0.owYpYO4KKA2y6eq2lmQPdEzLiOX8enJpUD3LmS6FF9o,Data Analyst,1,2024-11-20T15:45:32Z,40.755381,71890.02,"{'__CLASS__': 'Adzuna::API::Response::Company', 'display_name': 'City of New York'}",,
"? Responsibilities: - Collect, process, and analyze large data sets using SQL and a variety of software tools and techniques. - Create reports, dashboards, and visualizations to communicate data insights to clients. - Work with clients to understand their business needs and develop data-driven solutions to meet those needs. Qualifications: - Bachelor's degree in computer science, statistics, mathematics, or a related field. - Familiarity with one or more programming languages (e.g., Python, R, …",Adzuna::API::Response::Job,"{'display_name': 'Grand Central, Manhattan', 'area': ['US', 'New York', 'New York City', 'Manhattan', 'Grand Central'], '__CLASS__': 'Adzuna::API::Response::Location'}",4530251868,https://www.adzuna.com/details/4530251868?utm_medium=api&utm_source=962be41e,57756.34,"{'label': 'IT Jobs', 'tag': 'it-jobs', '__CLASS__': 'Adzuna::API::Response::Category'}",-73.978504,eyJhbGciOiJIUzI1NiJ9.eyJzIjoicUdEUXN5X2U3eEczWFU5eDc4aHF0USIsImkiOiI0NTMwMjUxODY4In0.XXRMeejMUmqNesXGgPlgncGYv8nV3CnhXztmJm6HlaM,Data Analyst,1,2024-01-17T14:50:13Z,40.755381,57756.34,"{'display_name': 'STELLAR SERVICES', '__CLASS__': 'Adzuna::API::Response::Company'}",,
"Job summary - Required skills: SQL, DBT, Dashboarding with Looker. - Familiarity with Python, R, Amplitude, A/B testing, and Github - Pulling data from dashboards and our database using SQL, creating weekly reports for the exec team - Opportunity sizing for roadmapping and prioritization of projects, communicating with stakeholders - Identifying and fixing any reporting issues (e.g., able to diagnose where in the pipeline an issue occurred About US Tech Solutions: US Tech Solutions is a global …",Adzuna::API::Response::Job,"{'__CLASS__': 'Adzuna::API::Response::Location', 'display_name': 'Grand Central, Manhattan', 'area': ['US', 'New York', 'New York City', 'Manhattan', 'Grand Central']}",5001426342,https://www.adzuna.com/details/5001426342?utm_medium=api&utm_source=962be41e,64467.81,"{'label': 'IT Jobs', 'tag': 'it-jobs', '__CLASS__': 'Adzuna::API::Response::Category'}",-73.978504,eyJhbGciOiJIUzI1NiJ9.eyJpIjoiNTAwMTQyNjM0MiIsInMiOiJxR0RRc3lfZTd4RzNYVTl4NzhocXRRIn0.sxwvdAX8hyXuY8UEdKwZUFbdGOxsgfRqXL_noB9J9_4,Data Analyst,1,2025-01-07T18:44:56Z,40.755381,64467.81,"{'display_name': 'US Tech Solutions', '__CLASS__': 'Adzuna::API::Response::Company'}",,
"Job Description Job Description JOB TITLE: Data Analyst REPORTS TO: Senior Manager of Data Strategy DEPARTMENT: IT HOURS: 40 Hours JOB TYPE: Temp (6 months), Hybrid RATE: $35 to $50 per hour SPONSORSHIP : We are not sponsoring for this position We are seeking an experienced Healthcare Data Analyst for a temporary, project-based role. This opportunity is ideal for a seasoned professional who can hit the ground running with minimal onboarding . The role involves working with clinical and healthca…",Adzuna::API::Response::Job,"{'area': ['US', 'New York', 'New York City'], 'display_name': 'New York City, New York', '__CLASS__': 'Adzuna::API::Response::Location'}",5024418914,https://www.adzuna.com/land/ad/5024418914?se=qGDQsy_e7xG3XU9x78hqtQ&utm_medium=api&utm_source=962be41e&v=C6DA921D76074ED3D3A2626835257B37E821BA59,86498.45,"{'__CLASS__': 'Adzuna::API::Response::Category', 'tag': 'it-jobs', 'label': 'IT Jobs'}",,eyJhbGciOiJIUzI1NiJ9.eyJzIjoicUdEUXN5X2U3eEczWFU5eDc4aHF0USIsImkiOiI1MDI0NDE4OTE0In0.FNJgW8-ik7-Bcbxdg4MvkxQ35E0YK-FnZQVfSv7at7c,Healthcare Data Analyst -TEMP,1,2025-01-25T23:40:08Z,,86498.45,"{'__CLASS__': 'Adzuna::API::Response::Company', 'display_name': 'Healthix, Inc.'}",,
"Job Description Hours: Full-time - 35 Hours Work Location: 30-30 Thomson Avenue, LIC, NY 11101 The OMB Data Analyst plays a crucial role in supporting DDC with the Office of Management and Budget's monthly submission by tracking and analyzing data, preparing reports, and ensuring the accuracy and completeness of submission items in the NYCAPS system. This position involves organizing data, responding to inquiries from the OMB, and assisting with various data requests from senior staff. The OMB …",Adzuna::API::Response::Job,"{'area': ['US', 'New York', 'New York City', 'Manhattan', 'Grand Central'], 'display_name': 'Grand Central, Manhattan', '__CLASS__': 'Adzuna::API::Response::Location'}",4840276823,https://www.adzuna.com/details/4840276823?utm_medium=api&utm_source=962be41e,49672.16,"{'__CLASS__': 'Adzuna::API::Response::Category', 'label': 'Admin Jobs', 'tag': 'admin-jobs'}",-73.978504,eyJhbGciOiJIUzI1NiJ9.eyJpIjoiNDg0MDI3NjgyMyIsInMiOiJxR0RRc3lfZTd4RzNYVTl4NzhocXRRIn0.1kFHZ85IEE94CYGP930tkGhX3G3ItIEuIISMf4cBxX0,OMB Data Analyst,1,2024-08-26T16:13:10Z,40.755381,49672.16,"{'__CLASS__': 'Adzuna::API::Response::Company', 'display_name': 'City of New York'}",,
"Job Description: · As a Marketing Data Analyst, you will work providing insights, measurement expertise and strategic recommendations to some of the most digitally savvy global brands in the world in the FBR, HPC and Beauty verticals. · This is a data-oriented yet creative position that requires a sharp, analytical mind and an entrepreneurial spirit. Your knowledge of our internal and third party tools, as well as deep measurement expertise, combined with your curiosity to play with data combin…",Adzuna::API::Response::Job,"{'__CLASS__': 'Adzuna::API::Response::Location', 'display_name': 'Grand Central, Manhattan', 'area': ['US', 'New York', 'New York City', 'Manhattan', 'Grand Central']}",4687974701,https://www.adzuna.com/details/4687974701?utm_medium=api&utm_source=962be41e,78489.9,"{'__CLASS__': 'Adzuna::API::Response::Category', 'label': 'IT Jobs', 'tag': 'it-jobs'}",-73.978504,eyJhbGciOiJIUzI1NiJ9.eyJpIjoiNDY4Nzk3NDcwMSIsInMiOiJxR0RRc3lfZTd4RzNYVTl4NzhocXRRIn0.Nh5d1xzdcrOtVwikgjcF-GKkbKUoJbl4AIuas8FjwVo,Marketing Data Analyst,1,2024-05-10T15:34:40Z,40.755381,78489.9,"{'display_name': 'US Tech Solutions', '__CLASS__': 'Adzuna::API::Response::Company'}",,
"Staffing Solutions Organization LLC (SSO), an affiliate of Public Consulting Group LLC (PCG), is focused on delighting clients with world-class managed staffing and talent consulting services. SSO is committed to a diverse workforce, which is a reflection of our clients and the people they serve. Managing Healthcare Data Analyst - NYC DOS 1265 Summary This candidate would serve as a managing health care data analyst for NY State of Health. The NY State of Health (NYSOH) marketplace provides aff…",Adzuna::API::Response::Job,"{'display_name': 'Grand Central, Manhattan', 'area': ['US', 'New York', 'New York City', 'Manhattan', 'Grand Central'], '__CLASS__': 'Adzuna::API::Response::Location'}",4915290339,https://www.adzuna.com/details/4915290339?utm_medium=api&utm_source=962be41e,97359.17,"{'__CLASS__': 'Adzuna::API::Response::Category', 'label': 'IT Jobs', 'tag': 'it-jobs'}",-73.978504,eyJhbGciOiJIUzI1NiJ9.eyJzIjoicUdEUXN5X2U3eEczWFU5eDc4aHF0USIsImkiOiI0OTE1MjkwMzM5In0.7Wwmn6kK3yPpAWClqEY8UNtMIEnp3ut_V4GU4PQDtso,Managing Healthcare Data Analyst,1,2024-10-26T16:34:15Z,40.755381,97359.17,"{'__CLASS__': 'Adzuna::API::Response::Company', 'display_name': 'Staffing Solutions Organization'}",,
"Job Description Established in 1805, the New York City Department of Health and Mental Hygiene (the NYC Health Department) is the oldest and largest health department in the country. Our mission is to protect and improve the health of all New Yorkers, in service of a vision of a city in which all New Yorkers can realize their full health potential, regardless of who they are, how old they are, where they are from, or where they live. As a world-renowned public health agency with a history of bu…",Adzuna::API::Response::Job,"{'area': ['US', 'New York', 'New York City', 'Manhattan', 'Grand Central'], 'display_name': 'Grand Central, Manhattan', '__CLASS__': 'Adzuna::API::Response::Location'}",4700122054,https://www.adzuna.com/details/4700122054?utm_medium=api&utm_source=962be41e,97009.85,"{'tag': 'scientific-qa-jobs', 'label': 'Scientific & QA Jobs', '__CLASS__': 'Adzuna::API::Response::Category'}",-73.978504,eyJhbGciOiJIUzI1NiJ9.eyJzIjoicUdEUXN5X2U3eEczWFU5eDc4aHF0USIsImkiOiI0NzAwMTIyMDU0In0.gz-1A5l6xvEGhrtjSY_M_0_o3lqBgc0cVzwjWZh571Y,"Data Analyst, Bureau of Tuberculosis Control",1,2024-05-19T15:11:09Z,40.755381,97009.85,"{'__CLASS__': 'Adzuna::API::Response::Company', 'display_name': 'City of New York'}",,
"Location: New York, New YorkJob Type: ContractCompensation Range: $46 - 51 per hourOur client who is a leading beauty brand is seeking a highly skilled E-Commerce and CRM Data Analyst to join their team and support data-driven strategies for a leading beauty brand. This role focuses on leveraging global data sources to build, maintain, and interpret e-commerce and CRM dashboards while providing actionable insights to drive business performance.If you have a passion for analyzing complex data se…",Adzuna::API::Response::Job,"{'__CLASS__': 'Adzuna::API::Response::Location', 'area': ['US', 'New York', 'New York City', 'Manhattan', 'Grand Central'], 'display_name': 'Grand Central, Manhattan'}",4993282978,https://www.adzuna.com/details/4993282978?utm_medium=api&utm_source=962be41e,78827.02,"{'tag': 'it-jobs', 'label': 'IT Jobs', '__CLASS__': 'Adzuna::API::Response::Category'}",-73.978504,eyJhbGciOiJIUzI1NiJ9.eyJzIjoicUdEUXN5X2U3eEczWFU5eDc4aHF0USIsImkiOiI0OTkzMjgyOTc4In0.LgjrRp06XPw_A1LPlIHnu_UJ3Zrge6FAhrM4fPW2o74,E-Commerce and CRM Data Analyst,1,2024-12-31T18:28:18Z,40.755381,78827.02,"{'__CLASS__': 'Adzuna::API::Response::Company', 'display_name': 'Cella Inc'}",,
"Job Description NYU Grossman School of Medicine is one of the nation's top-ranked medical schools. For 175 years, NYU Grossman School of Medicine has trained thousands of physicians and scientists who have helped to shape the course of medical history and enrich the lives of countless people. An integral part of NYU Langone Health, the Grossman School of Medicine at its core is committed to improving the human condition through medical education, scientific research, and direct patient care. At…",Adzuna::API::Response::Job,"{'display_name': 'Church Street, Manhattan', 'area': ['US', 'New York', 'New York City', 'Manhattan', 'Church Street'], '__CLASS__': 'Adzuna::API::Response::Location'}",5003625214,https://www.adzuna.com/land/ad/5003625214?se=qGDQsy_e7xG3XU9x78hqtQ&utm_medium=api&utm_source=962be41e&v=9A4BD0DC88C81B16F22E2B06106816D464173B49,88269.95,"{'__CLASS__': 'Adzuna::API::Response::Category', 'tag': 'scientific-qa-jobs', 'label': 'Scientific & QA Jobs'}",-74.00869,eyJhbGciOiJIUzI1NiJ9.eyJzIjoicUdEUXN5X2U3eEczWFU5eDc4aHF0USIsImkiOiI1MDAzNjI1MjE0In0.gBMHnfY_DX6cF4fv8QI8BQy3vvSX-6ayboLjp78jV4c,Per Diem Data Analyst,1,2025-01-09T13:02:12Z,40.71453,88269.95,"{'display_name': 'NYU Langone Medical Center', '__CLASS__': 'Adzuna::API::Response::Company'}",,
"Job Description NYU Grossman School of Medicine is one of the nation's top-ranked medical schools. For 175 years, NYU Grossman School of Medicine has trained thousands of physicians and scientists who have helped to shape the course of medical history and enrich the lives of countless people. An integral part of NYU Langone Health, the Grossman School of Medicine at its core is committed to improving the human condition through medical education, scientific research, and direct patient care. At…",Adzuna::API::Response::Job,"{'display_name': 'Grand Central, Manhattan', 'area': ['US', 'New York', 'New York City', 'Manhattan', 'Grand Central'], '__CLASS__': 'Adzuna::API::Response::Location'}",5003625865,https://www.adzuna.com/land/ad/5003625865?se=qGDQsy_e7xG3XU9x78hqtQ&utm_medium=api&utm_source=962be41e&v=D19633AB80E59742ED88C00B88E179E19BD83880,78989.87,"{'__CLASS__': 'Adzuna::API::Response::Category', 'label': 'Scientific & QA Jobs', 'tag': 'scientific-qa-jobs'}",-73.97528,eyJhbGciOiJIUzI1NiJ9.eyJzIjoicUdEUXN5X2U3eEczWFU5eDc4aHF0USIsImkiOiI1MDAzNjI1ODY1In0.S1MsB4cFrd8Rb9yF4Ww2s_uC3FllOkH0KEEpaBjMhdo,Per Diem Data Analyst,1,2025-01-09T13:02:16Z,40.75284,78989.87,"{'__CLASS__': 'Adzuna::API::Response::Company', 'display_name': 'NYULMC'}",,
"Job Description Job Description Job Title – Analytics Consultant Location- Lower Manhattan, NY Duration – 6 Months ONSITE ROLE Job Summary/ Essential Job Functions: This candidate will plan and perform statistical analysis and conduct studies related to the repair processes for maintenance workers and skilled trades. This candidate will design and build analytic processes to track staff schedule optimization and travel times, backlogs of repair, completion times of repairs, and age of open repa…",Adzuna::API::Response::Job,"{'__CLASS__': 'Adzuna::API::Response::Location', 'display_name': 'New York City, New York', 'area': ['US', 'New York', 'New York City']}",5024043731,https://www.adzuna.com/land/ad/5024043731?se=qGDQsy_e7xG3XU9x78hqtQ&utm_medium=api&utm_source=962be41e&v=F580E7EE8DAE954107DD585AE56AE256F6E0116E,47227.54,"{'label': 'IT Jobs', 'tag': 'it-jobs', '__CLASS__': 'Adzuna::API::Response::Category'}",,eyJhbGciOiJIUzI1NiJ9.eyJzIjoicUdEUXN5X2U3eEczWFU5eDc4aHF0USIsImkiOiI1MDI0MDQzNzMxIn0.t-uSAP9ox1G7cxRxscpIk4aeUexz5qznn-hD-3Ea6GI,Analytics Consultant/Data Analyst,1,2025-01-25T10:38:29Z,,47227.54,"{'__CLASS__': 'Adzuna::API::Response::Company', 'display_name': 'Cogent Infotech Corporation'}",,
"Job Description The Bureau of Vital Statistics is responsible for registering and certifying all birth, deaths, spontaneous and induced terminations of pregnancy in NYC. The bureau issues, analyzes and reports on 285,000 vital events each year. The bureau is a very large customer service operation, providing death certification services on a 24/7 basis, issuing more than 900,000 certified copies of birth and death records, and fulfilling hundreds of data requests annually. NYC DOHMH has an open…",Adzuna::API::Response::Job,"{'display_name': 'Grand Central, Manhattan', 'area': ['US', 'New York', 'New York City', 'Manhattan', 'Grand Central'], '__CLASS__': 'Adzuna::API::Response::Location'}",4925247904,https://www.adzuna.com/details/4925247904?utm_medium=api&utm_source=962be41e,86681.36,"{'__CLASS__': 'Adzuna::API::Response::Category', 'tag': 'scientific-qa-jobs', 'label': 'Scientific & QA Jobs'}",-73.978504,eyJhbGciOiJIUzI1NiJ9.eyJpIjoiNDkyNTI0NzkwNCIsInMiOiJxR0RRc3lfZTd4RzNYVTl4NzhocXRRIn0.OT6_hj5yYGwJY8ZHhpqlZjZ7eOaOAVosUiRqlo9WGnQ,"Senior Data Analyst, Bureau of Vital Statistics",1,2024-11-03T15:39:51Z,40.755381,86681.36,"{'display_name': 'City of New York', '__CLASS__': 'Adzuna::API::Response::Company'}",,
Description Amazon's Global Tax Services team seeks an exceptionally capable and motivated individual to help deliver the analytics support to our global analytics products. The right individual should have in-depth ability to work with or an appetite to work with large data and solid business judgment capable of delivering the right system configurations with a tax and accounting context. Key job responsibilities This role performs a wide variety of responsibilities for the Global Tax organiza…,Adzuna::API::Response::Job,"{'display_name': 'Grand Central, Manhattan', 'area': ['US', 'New York', 'New York City', 'Manhattan', 'Grand Central'], '__CLASS__': 'Adzuna::API::Response::Location'}",4820565113,https://www.adzuna.com/details/4820565113?utm_medium=api&utm_source=962be41e,106015.9,"{'label': 'Accounting & Finance Jobs', 'tag': 'accounting-finance-jobs', '__CLASS__': 'Adzuna::API::Response::Category'}",-73.978504,eyJhbGciOiJIUzI1NiJ9.eyJpIjoiNDgyMDU2NTExMyIsInMiOiJxR0RRc3lfZTd4RzNYVTl4NzhocXRRIn0.1mlfOdFWQtLlF3Ixy18NW3g-a4u9oqSczwnxM6L_nXI,"Senior Data Analyst, Global Tax Services",1,2024-08-10T16:20:06Z,40.755381,106015.9,"{'__CLASS__': 'Adzuna::API::Response::Company', 'display_name': 'Amazon'}",,
"Job Description Established in 1805, the New York City Department of Health and Mental Hygiene (the NYC Health Department) is the oldest and largest health department in the country. Our mission is to protect and improve the health of all New Yorkers, in service of a vision of a city in which all New Yorkers can realize their full health potential, regardless of who they are, how old they are, where they are from, or where they live. As a world-renowned public health agency with a history of bu…",Adzuna::API::Response::Job,"{'area': ['US', 'New York', 'New York City', 'Manhattan', 'Grand Central'], 'display_name': 'Grand Central, Manhattan', '__CLASS__': 'Adzuna::API::Response::Location'}",4700122127,https://www.adzuna.com/details/4700122127?utm_medium=api&utm_source=962be41e,104488.8,"{'__CLASS__': 'Adzuna::API::Response::Category', 'tag': 'healthcare-nursing-jobs', 'label': 'Healthcare & Nursing Jobs'}",-73.978504,eyJhbGciOiJIUzI1NiJ9.eyJzIjoicUdEUXN5X2U3eEczWFU5eDc4aHF0USIsImkiOiI0NzAwMTIyMTI3In0.HPQG8x7KFERj8USCKL0j4_kJ6X2GdATW0lt1yxZNNtA,"Data Analyst, Bureau of Emergency Field Operations",1,2024-05-19T15:11:09Z,40.755381,104488.8,"{'__CLASS__': 'Adzuna::API::Response::Company', 'display_name': 'City of New York'}",,
"Thinking about an alternative legal career? Our Data team supports the Bloomberg Industry Group (INDG) business, which offers outstanding tools, search, and analytics for products in the areas of Law, Government and Tax. Bloomberg is changing the legal industry by delivering the most sophisticated research platform on the market with a focus on automation, analytics and real-time answers. INDG provides users with fast access to legal content and analysis, practice tools, company information and…",Adzuna::API::Response::Job,"{'__CLASS__': 'Adzuna::API::Response::Location', 'area': ['US', 'New York', 'New York City', 'Manhattan', 'Grand Central'], 'display_name': 'Grand Central, Manhattan'}",4915294813,https://www.adzuna.com/details/4915294813?utm_medium=api&utm_source=962be41e,70630.44,"{'label': 'Legal Jobs', 'tag': 'legal-jobs', '__CLASS__': 'Adzuna::API::Response::Category'}",-73.978504,eyJhbGciOiJIUzI1NiJ9.eyJpIjoiNDkxNTI5NDgxMyIsInMiOiJxR0RRc3lfZTd4RzNYVTl4NzhocXRRIn0.tKu1arxUiecdf8a5p6-X5rfVKAOaEVu84cPW4G0uN_Q,Legal Data Analyst - Case Analysis (INDG),1,2024-10-26T16:36:03Z,40.755381,70630.44,"{'display_name': 'Bloomberg', '__CLASS__': 'Adzuna::API::Response::Company'}",,
"Contractor to potential full-time role: Dom & Tom is seeking a Senior Product Data Analyst with Qlik proficiency to support our Clients' Product team in the Enterprise Technology department. The ideal candidate will be able to quickly navigate & understand complex spaces surrounding financial trading workflows, systems integration & systems connectivity; building a basis to perform in-depth analysis on related datasets; collaborating & communicating with stakeholders to derive high quality insi…",Adzuna::API::Response::Job,"{'__CLASS__': 'Adzuna::API::Response::Location', 'display_name': 'Grand Central, Manhattan', 'area': ['US', 'New York', 'New York City', 'Manhattan', 'Grand Central']}",4961315676,https://www.adzuna.com/land/ad/4961315676?se=qGDQsy_e7xG3XU9x78hqtQ&utm_medium=api&utm_source=962be41e&v=512F8954E46D658E80E109B43965C20590424243,91936.2,"{'tag': 'it-jobs', 'label': 'IT Jobs', '__CLASS__': 'Adzuna::API::Response::Category'}",-73.97528,eyJhbGciOiJIUzI1NiJ9.eyJpIjoiNDk2MTMxNTY3NiIsInMiOiJxR0RRc3lfZTd4RzNYVTl4NzhocXRRIn0.Znk7b_8At-EI3WNrqqWohxc4hY0yIMCAYDKxmUGX-Ls,Senior Qlik Developer Data Analyst,1,2024-12-03T11:39:50Z,40.75284,91936.2,"{'display_name': 'Dom and Tom', '__CLASS__': 'Adzuna::API::Response::Company'}",,
"Job Description PROGRAM/JOB DESCRIPTION: The Center for Health Equity & Community Wellness (CHECW) seeks to eliminate racial and other inequities resulting in premature mortality. With an unwavering grounding in history and structural analysis, CHECW works to increase visibility of the harm perpetuated by centuries of racist, socially unjust policy while pushing towards redress for the most impacted NYC communities. CHECW addresses inequity across community and healthcare systems in partnership…",Adzuna::API::Response::Job,"{'__CLASS__': 'Adzuna::API::Response::Location', 'display_name': 'Grand Central, Manhattan', 'area': ['US', 'New York', 'New York City', 'Manhattan', 'Grand Central']}",4892779841,https://www.adzuna.com/details/4892779841?utm_medium=api&utm_source=962be41e,90903.34,"{'__CLASS__': 'Adzuna::API::Response::Category', 'label': 'Healthcare & Nursing Jobs', 'tag': 'healthcare-nursing-jobs'}",-73.978504,eyJhbGciOiJIUzI1NiJ9.eyJzIjoicUdEUXN5X2U3eEczWFU5eDc4aHF0USIsImkiOiI0ODkyNzc5ODQxIn0.zS9A6SrF9bigmB8IQhzXci1sCwyfgCetlIsKukLPldw,"Senior Data Analyst, Bureau of Equitable Health Systems",1,2024-10-07T16:30:40Z,40.755381,90903.34,"{'display_name': 'City of New York', '__CLASS__': 'Adzuna::API::Response::Company'}",,
"Job Description Established in 1805, the New York City Department of Health and Mental Hygiene (the NYC Health Department) is the oldest and largest health department in the country. Our mission is to protect and improve the health of all New Yorkers, in service of a vision of a city in which all New Yorkers can realize their full health potential, regardless of who they are, how old they are, where they are from, or where they live. As a world-renowned public health agency with a history of bu…",Adzuna::API::Response::Job,"{'__CLASS__': 'Adzuna::API::Response::Location', 'area': ['US', 'New York', 'New York City', 'Manhattan', 'Grand Central'], 'display_name': 'Grand Central, Manhattan'}",4700121884,https://www.adzuna.com/details/4700121884?utm_medium=api&utm_source=962be41e,108444.12,"{'tag': 'it-jobs', 'label': 'IT Jobs', '__CLASS__': 'Adzuna::API::Response::Category'}",-73.978504,eyJhbGciOiJIUzI1NiJ9.eyJzIjoicUdEUXN5X2U3eEczWFU5eDc4aHF0USIsImkiOiI0NzAwMTIxODg0In0.l3QXv4xlRMKdtpQCJbTjRYQP9H8t-rOYWzDUeQqic-o,"Data Analyst, Bureau of Application Development and Database Administration",1,2024-05-19T15:11:08Z,40.755381,108444.12,"{'__CLASS__': 'Adzuna::API::Response::Company', 'display_name': 'City of New York'}",,
"The Bureau of Vital Statistics is responsible for registering and certifying all birth, deaths, spontaneous and induced terminations of pregnancy in NYC. The bureau issues, analyzes and reports on 285,000 vital events each year. The bureau is a very large customer service operation, providing death certification services on a 24/7 basis, issuing more than 900,000 certified copies of birth and death records, and fulfilling hundreds of data requests annually. NYC DOHMH has an opening for a Senior…",Adzuna::API::Response::Job,"{'display_name': 'Manhattan, New York City', 'area': ['US', 'New York', 'New York City', 'Manhattan'], '__CLASS__': 'Adzuna::API::Response::Location'}",4960540404,https://www.adzuna.com/land/ad/4960540404?se=qGDQsy_e7xG3XU9x78hqtQ&utm_medium=api&utm_source=962be41e&v=101F8F36CD362215610603E0D326F64A7BC568C6,89902.82,"{'label': 'Scientific & QA Jobs', 'tag': 'scientific-qa-jobs', '__CLASS__': 'Adzuna::API::Response::Category'}",-73.999164,eyJhbGciOiJIUzI1NiJ9.eyJzIjoicUdEUXN5X2U3eEczWFU5eDc4aHF0USIsImkiOiI0OTYwNTQwNDA0In0.zchBHrnmtyC9DnqX2cxPgi7Yz8ETaTup4W3u696HJEY,"Senior Data Analyst, Bureau of Vital Statistics",1,2024-12-02T23:37:38Z,40.753685,89902.82,"{'display_name': 'New York City, NY', '__CLASS__': 'Adzuna::API::Response::Company'}",,
"Job Description The DSS Accountability Office's ORCA is charged with working closely with internal and external partners to ensure that DHS facilities, directly-managed and those managed by provider agencies, comply with statutory, regulatory and contractual obligations governing the provision of shelter in New York City. ORCA carries out its mission through collaboration with Agency personnel to develop initiatives that optimize the Agency's resources to comply with regulatory requirements. Th…",Adzuna::API::Response::Job,"{'__CLASS__': 'Adzuna::API::Response::Location', 'area': ['US', 'New York', 'New York City', 'Manhattan', 'Grand Central'], 'display_name': 'Grand Central, Manhattan'}",4989514161,https://www.adzuna.com/details/4989514161?utm_medium=api&utm_source=962be41e,86183.41,"{'__CLASS__': 'Adzuna::API::Response::Category', 'tag': 'scientific-qa-jobs', 'label': 'Scientific & QA Jobs'}",-73.978504,eyJhbGciOiJIUzI1NiJ9.eyJpIjoiNDk4OTUxNDE2MSIsInMiOiJxR0RRc3lfZTd4RzNYVTl4NzhocXRRIn0.4ZXfJLIe58k2I1uc8h8kKC3Csl1zG6gSK_Em_tPQJbM,DATA RESEARCH ANALYST,1,2024-12-25T18:29:19Z,40.755381,86183.41,"{'__CLASS__': 'Adzuna::API::Response::Company', 'display_name': 'City of New York'}",,
"Job Description About the Agency: The New York City Department of Housing Preservation (HPD) promotes quality and affordability in the city's housing, and diversity and strength in the city's neighborhoods because every New Yorker deserves a safe, affordable place to live in a neighborhood they love. - We maintain building and resident safety and health - We create opportunities for New Yorkers through housing affordability - We engage New Yorkers to build and sustain neighborhood strength and …",Adzuna::API::Response::Job,"{'display_name': 'Grand Central, Manhattan', 'area': ['US', 'New York', 'New York City', 'Manhattan', 'Grand Central'], '__CLASS__': 'Adzuna::API::Response::Location'}",5007337436,https://www.adzuna.com/details/5007337436?utm_medium=api&utm_source=962be41e,69613.38,"{'tag': 'admin-jobs', 'label': 'Admin Jobs', '__CLASS__': 'Adzuna::API::Response::Category'}",-73.978504,eyJhbGciOiJIUzI1NiJ9.eyJpIjoiNTAwNzMzNzQzNiIsInMiOiJxR0RRc3lfZTd4RzNYVTl4NzhocXRRIn0.B16IIwAutwmxCbEoz0rShi4EvOnMmrBKSPfTA4Iz3Fo,Data Analyst for the Division of Co-op Readiness & Technical Services,1,2025-01-11T18:58:39Z,40.755381,69613.38,"{'display_name': 'City of New York', '__CLASS__': 'Adzuna::API::Response::Company'}",,
"Job Description Job Description Lawyers on Demand is urgently seeking one contract Data Entry Analyst for an on-site assignment in New York City (Manhattan) . The work will consist of downloading and moving documents with some data entry pieces involved. The client is a financial institution that is seeking a tech-savvy candidate for this work. Candidates must be comfortable working with computers and MS Office programs, along with various other document softwares. This work will be 100% on sit…",Adzuna::API::Response::Job,"{'__CLASS__': 'Adzuna::API::Response::Location', 'area': ['US', 'New York', 'New York City'], 'display_name': 'New York City, New York'}",5019852677,https://www.adzuna.com/land/ad/5019852677?se=qGDQsy_e7xG3XU9x78hqtQ&utm_medium=api&utm_source=962be41e&v=AE823935CBB8BA2F1552F524061E7A0C57055E53,55853.35,"{'label': 'Admin Jobs', 'tag': 'admin-jobs', '__CLASS__': 'Adzuna::API::Response::Category'}",,eyJhbGciOiJIUzI1NiJ9.eyJzIjoicUdEUXN5X2U3eEczWFU5eDc4aHF0USIsImkiOiI1MDE5ODUyNjc3In0.waKlUpota8gbBRhFXEZ4ZaBxXewq0aclJv7bFyKipzQ,CONTRACT | Data Entry Analyst,1,2025-01-22T11:25:19Z,,55853.35,"{'__CLASS__': 'Adzuna::API::Response::Company', 'display_name': 'Consilio, LLC - Talent Solutions'}",,
"Role - Data Analyst Location - NJ/NYC - 2 Days onsite 100% Mandatory (Submit only locals/nearby) Primary Skill : Python, SQL,Financial Data exploration and insights, Cleansing, Preparation, Reporting, Azure Job Summary The Lead Business Analyst with data analysis,business analysis,Agile methodology will be responsible for overseeing data analysis, business analysis, and Agile methodology to drive business objectives and improvements. They will play a key role in understanding business needs, an…",Adzuna::API::Response::Job,"{'__CLASS__': 'Adzuna::API::Response::Location', 'display_name': 'Grand Central, Manhattan', 'area': ['US', 'New York', 'New York City', 'Manhattan', 'Grand Central']}",5026932486,https://www.adzuna.com/details/5026932486?utm_medium=api&utm_source=962be41e,145600.0,"{'__CLASS__': 'Adzuna::API::Response::Category', 'tag': 'it-jobs', 'label': 'IT Jobs'}",-73.978504,eyJhbGciOiJIUzI1NiJ9.eyJpIjoiNTAyNjkzMjQ4NiIsInMiOiJxR0RRc3lfZTd4RzNYVTl4NzhocXRRIn0.e3UqhOs8FD0ucvT0rM2HsZXoxEMvxDy6V2cvTTSiCCk,Data Analyst,0,2025-01-28T08:06:49Z,40.755381,135200.0,"{'display_name': 'Noblesoft Technologies', '__CLASS__': 'Adzuna::API::Response::Company'}",,
"Data Analyst(Collateral Analysis) Location: Jersey City, NJ Duration: Contract Schedule: Monday – Friday 8:30AM - 5:00PM Hybrid Schedule: (3) Days in Office (Tuesday-Thursday) & (2) Days Remote (Monday & Friday) Dress: Business Casual This is a big migration project starting in February 2025. Client is now moving forward and would like to obtain (2) temporary employees for a (5) month project starting in February 2025. JOB DESCRIPTION: Collateral Analysis Temp Job Responsibilities (include but …",Adzuna::API::Response::Job,"{'display_name': 'Summit Avenue, Hudson County', 'area': ['US', 'New Jersey', 'Hudson County', 'Summit Avenue'], '__CLASS__': 'Adzuna::API::Response::Location'}",5013389920,https://www.adzuna.com/details/5013389920?utm_medium=api&utm_source=962be41e,75520.16,"{'__CLASS__': 'Adzuna::API::Response::Category', 'label': 'IT Jobs', 'tag': 'it-jobs'}",-74.053943,eyJhbGciOiJIUzI1NiJ9.eyJzIjoicUdEUXN5X2U3eEczWFU5eDc4aHF0USIsImkiOiI1MDEzMzg5OTIwIn0.GnmPp2xthWW7Q4dnDCixgN4Q-JpPIPfI2XlGIj4uazs,Data Analyst,1,2025-01-16T13:33:55Z,40.751806,75520.16,"{'display_name': 'Pharmatek Consulting Inc', '__CLASS__': 'Adzuna::API::Response::Company'}",contract,
"For more details, please connect with Ibad Ullah Khan at 971-431-1753 or email at ibadkvgroupinc.com Client: State of New York Job Title: Data Analyst Duration: 36 Months Start Date: ASAP Location: 505 Clermont Ave, 3rd Floor, Brooklyn, NY 11238 Position Type: Contract Interview Type: Webcam Interview/ In Person Ceipal ID: SNY_DATA105_IK Requirement ID: DSS-ITS-C-20250103-1 Department: State of New York Department of Social Service Description: Coordinated Assessment and Placement CAPS is a Fed…",Adzuna::API::Response::Job,"{'__CLASS__': 'Adzuna::API::Response::Location', 'display_name': 'Brooklyn, New York City', 'area': ['US', 'New York', 'New York City', 'Brooklyn']}",5020958642,https://www.adzuna.com/details/5020958642?utm_medium=api&utm_source=962be41e,68228.59,"{'label': 'IT Jobs', 'tag': 'it-jobs', '__CLASS__': 'Adzuna::API::Response::Category'}",-73.963336,eyJhbGciOiJIUzI1NiJ9.eyJpIjoiNTAyMDk1ODY0MiIsInMiOiJxR0RRc3lfZTd4RzNYVTl4NzhocXRRIn0.mdRKB3p9bAGjk3-n3ngKmZkPcn5SBPQpTYscc8JAg7U,Data Analyst,1,2025-01-23T07:39:55Z,40.680193,68228.59,"{'display_name': 'VGroup Inc', '__CLASS__': 'Adzuna::API::Response::Company'}",,
ABOUT THE ROLE The Enterprise Data Analytics team at Peloton is looking for a passionate and strategic-minded Data Analyst to join our growing team. This person will contribute to key projects that enhance visibility into key enterprise metrics and drive action based on the resulting insights. They will partner closely with teams across the company to understand their problems and design datasets that can provide actionable insights in a scalable and sustainable way. They will communicate findi…,Adzuna::API::Response::Job,"{'__CLASS__': 'Adzuna::API::Response::Location', 'area': ['US', 'New York', 'New York City'], 'display_name': 'New York City, New York'}",5005394236,https://www.adzuna.com/details/5005394236?utm_medium=api&utm_source=962be41e,106658.95,"{'tag': 'it-jobs', 'label': 'IT Jobs', '__CLASS__': 'Adzuna::API::Response::Category'}",,eyJhbGciOiJIUzI1NiJ9.eyJpIjoiNTAwNTM5NDIzNiIsInMiOiJxR0RRc3lfZTd4RzNYVTl4NzhocXRRIn0.YSJUhwdkxyXLY-uHtJKT9A9nfdIFSpZM6kJB8R6iPUA,Data Analyst,1,2025-01-10T09:27:25Z,,106658.95,"{'display_name': 'Peloton Interactive Inc', '__CLASS__': 'Adzuna::API::Response::Company'}",,full_time
"Job Description Job Description Job Description:- Job Title – Analytics Consultant Location- Lower Manhattan, NY 10007 Duration – 4 Months Onsite Role Job Summary/ Essential Job Functions: This candidate will plan and perform statistical analysis and conduct studies related to the repair processes for maintenance workers and skilled trades. This candidate will design and build analytic processes to track staff schedule optimization and travel times, backlogs of repair, completion times of repai…",Adzuna::API::Response::Job,"{'__CLASS__': 'Adzuna::API::Response::Location', 'area': ['US', 'New York', 'New York City'], 'display_name': 'New York City, New York'}",5024042897,https://www.adzuna.com/land/ad/5024042897?se=qGDQsy_e7xG3XU9x78hqtQ&utm_medium=api&utm_source=962be41e&v=F0C48DB4F2BEBA36AE0A2DE2E4F9F039903337C7,50170.14,"{'tag': 'it-jobs', 'label': 'IT Jobs', '__CLASS__': 'Adzuna::API::Response::Category'}",,eyJhbGciOiJIUzI1NiJ9.eyJzIjoicUdEUXN5X2U3eEczWFU5eDc4aHF0USIsImkiOiI1MDI0MDQyODk3In0.3HBzhBJFJVx0LWP9LXACO4bALlVthxe-pNCvQsesAFs,Analytics Consultant/Data Analyst- Masters Degree Required,1,2025-01-25T10:37:38Z,,50170.14,"{'__CLASS__': 'Adzuna::API::Response::Company', 'display_name': 'Cogent Infotech Corporation'}",,
"Part-Time Research Data Analyst - Student Affairs GENERAL DUTIES Completes non-teaching projects or complex work in support of a Campus or University administrative or academic department. This work is generally of a temporary nature and requires specialized experience or expertise. CONTRACT TITLE Non-Teaching Adjunct FLSA Non-exempt CAMPUS SPECIFIC INFORMATION Lehman College, of The City University of New York, ranks among the top five institutions in the nation for fostering social mobility. …",Adzuna::API::Response::Job,"{'__CLASS__': 'Adzuna::API::Response::Location', 'area': ['US', 'New York', 'New York City', 'Bronx'], 'display_name': 'Bronx, New York City'}",5027716397,https://www.adzuna.com/land/ad/5027716397?se=qGDQsy_e7xG3XU9x78hqtQ&utm_medium=api&utm_source=962be41e&v=FDCAA7D88485E965160AE8675689FA4E760125BA,67501.84,"{'__CLASS__': 'Adzuna::API::Response::Category', 'tag': 'part-time-jobs', 'label': 'Part time Jobs'}",-73.883422,eyJhbGciOiJIUzI1NiJ9.eyJzIjoicUdEUXN5X2U3eEczWFU5eDc4aHF0USIsImkiOiI1MDI3NzE2Mzk3In0.QavppwiNIkpzKA-mkj81PUb5He3BnGODZyeqXTFqN1E,Part-Time Research Data Analyst - Student Affairs,1,2025-01-28T22:55:34Z,40.846188,67501.84,"{'display_name': 'Lehman College', '__CLASS__': 'Adzuna::API::Response::Company'}",,part_time
"POSITION: Data Analyst $112,000 per year 40 hours per week LOCATION: 1710 Whitestone Expressway Whitestone, NY 11357 JOB DUTIES: Construct comprehensive data analysis models for supply chain. Oversee RFP process; monitor contract performance; collaborate with cross functional teams; post RFK tracking. EDUCATION Master’s degree in Supply Chain Management REQUIRED: EXPERIENCE 12 months as Purchasing Assistant/Data Analyst using REQUIRED: Supply Chain Analysis APPLY: Kavir Singh Director of Human …",Adzuna::API::Response::Job,"{'__CLASS__': 'Adzuna::API::Response::Location', 'display_name': 'Whitestone, Queens', 'area': ['US', 'New York', 'New York City', 'Queens', 'Whitestone']}",5020009371,https://www.adzuna.com/details/5020009371?utm_medium=api&utm_source=962be41e,71269.45,"{'label': 'IT Jobs', 'tag': 'it-jobs', '__CLASS__': 'Adzuna::API::Response::Category'}",-73.809557,eyJhbGciOiJIUzI1NiJ9.eyJpIjoiNTAyMDAwOTM3MSIsInMiOiJxR0RRc3lfZTd4RzNYVTl4NzhocXRRIn0.gXDTVcmBlKf6k_hRVfs7LjTTlEDyQL0GWSgW0QTtnRk,Data Analyst,1,2025-01-22T12:37:59Z,40.792045,71269.45,"{'__CLASS__': 'Adzuna::API::Response::Company', 'display_name': 'Jetro / Restaurant Depot'}",,full_time
"Job Title : Data Analyst Contract Duration : 6 Months (Extension possible) Pay range : $50 - 55/hr Location : New York City, NY Work Type : Hybrid, 2 days onsite, Monday - Friday 9 am to 5 pm Story Behind the Need: Business group: GBM Business Automation partners with technology and program managers to integrate timelines and deliverables into project plans, create business requirement documents, test scripts, user acceptance testing, and project artifacts, identify risks/issues/dependencies, a…",Adzuna::API::Response::Job,"{'display_name': 'Grand Central, Manhattan', 'area': ['US', 'New York', 'New York City', 'Manhattan', 'Grand Central'], '__CLASS__': 'Adzuna::API::Response::Location'}",5020077881,https://www.adzuna.com/details/5020077881?utm_medium=api&utm_source=962be41e,109367.44,"{'__CLASS__': 'Adzuna::API::Response::Category', 'label': 'IT Jobs', 'tag': 'it-jobs'}",-73.97528,eyJhbGciOiJIUzI1NiJ9.eyJpIjoiNTAyMDA3Nzg4MSIsInMiOiJxR0RRc3lfZTd4RzNYVTl4NzhocXRRIn0.ZdT__d4sELIldJ0kFBv6s5QMHy1Ad9n6m9POJ5FsVys,Data Analyst,1,2025-01-22T14:06:49Z,40.75284,109367.44,"{'display_name': 'Global Technical Talent', '__CLASS__': 'Adzuna::API::Response::Company'}",contract,
"Data Analyst Edison, NJ Job Responsibilities: • Provide weekly, monthly, and annual reports for supply chain, trial balance and balance sheet • Use Machine Learning in Python code within Power Platform to bring the cross-sell analytics, customer insights • Build Canvas web apps using functional and logical expression in Power Apps • Create custom connectors using API • Prepare and deliver visualizations and internal presentations that translate analytic insights into tangible, actionable soluti…",Adzuna::API::Response::Job,"{'__CLASS__': 'Adzuna::API::Response::Location', 'display_name': 'Five Corners, Hudson County', 'area': ['US', 'New Jersey', 'Hudson County', 'Five Corners']}",5020080654,https://www.adzuna.com/details/5020080654?utm_medium=api&utm_source=962be41e,87607.75,"{'label': 'IT Jobs', 'tag': 'it-jobs', '__CLASS__': 'Adzuna::API::Response::Category'}",-74.0784,eyJhbGciOiJIUzI1NiJ9.eyJzIjoicUdEUXN5X2U3eEczWFU5eDc4aHF0USIsImkiOiI1MDIwMDgwNjU0In0.tLU3mnAVxC6JEsRvCMvQOiDUVb2SleN1H_BSVt-qpuE,Data Analyst,1,2025-01-22T14:07:01Z,40.7282,87607.75,"{'__CLASS__': 'Adzuna::API::Response::Company', 'display_name': 'Resource Informatics Group'}",,
"The Fund for Public Health in New York City (FPHNYC) is a 501(c)3 non-profit organization that is dedicated to the advancement of the health and well-being of all New Yorkers. To this end, in partnership with the New York City Department of Health and Mental Hygiene (DOHMH), FPHNYC incubates innovative public health initiatives implemented by DOHMH to advance community health throughout the city. It facilitates partnerships, often new and unconventional, between government and the private secto…",Adzuna::API::Response::Job,"{'__CLASS__': 'Adzuna::API::Response::Location', 'area': ['US', 'New York', 'New York City', 'Manhattan', 'East Harlem'], 'display_name': 'East Harlem, Manhattan'}",5025492957,https://www.adzuna.com/details/5025492957?utm_medium=api&utm_source=962be41e,68843.38,"{'tag': 'scientific-qa-jobs', 'label': 'Scientific & QA Jobs', '__CLASS__': 'Adzuna::API::Response::Category'}",-73.942048,eyJhbGciOiJIUzI1NiJ9.eyJpIjoiNTAyNTQ5Mjk1NyIsInMiOiJxR0RRc3lfZTd4RzNYVTl4NzhocXRRIn0.JOvVOBL0PXvgMaLhH9JSu9WlOUJCjJL9syl9_nMoaOA,Data Analyst,1,2025-01-27T08:00:33Z,40.793061,68843.38,"{'__CLASS__': 'Adzuna::API::Response::Company', 'display_name': 'FPHNY'}",,
"Title: Data Analyst Location: Northeastern Region (Hybrid - 3 Days Onsite) Description: The Data Analyst will support data transformation and migration projects by leveraging strong SQL querying skills and data manipulation expertise. This role involves mapping source-to-target JSON feeds, creating SQL scripts, and working with ETL processes to ensure efficient data integration. The ideal candidate will have a background in banking or financial services and experience with data extraction, load…",Adzuna::API::Response::Job,"{'display_name': 'Five Corners, Hudson County', 'area': ['US', 'New Jersey', 'Hudson County', 'Five Corners'], '__CLASS__': 'Adzuna::API::Response::Location'}",5024991478,https://www.adzuna.com/details/5024991478?utm_medium=api&utm_source=962be41e,90835.31,"{'label': 'IT Jobs', 'tag': 'it-jobs', '__CLASS__': 'Adzuna::API::Response::Category'}",-74.0784,eyJhbGciOiJIUzI1NiJ9.eyJpIjoiNTAyNDk5MTQ3OCIsInMiOiJxR0RRc3lfZTd4RzNYVTl4NzhocXRRIn0.wcCGMyh3fgGJSg46kCfjDdpjg68FlLsvfaFwsZe8BXA,Data Analyst,1,2025-01-26T16:22:10Z,40.7282,90835.31,"{'__CLASS__': 'Adzuna::API::Response::Company', 'display_name': 'Mitchell Martin'}",contract,
"A nonprofit organization in New York is currently seeking a new Data Analyst to join their Organizational Learning & Development team in New York City. Learn more Responsibilities: The Data Analyst will: Manage active data collection across the organization Work with each department to document and share performance data in a timely fashion for quarterly submissions to our organization-wide dashboard"" Improve organizational dashboard to be more automated and interactive (exploring tools, includ…",Adzuna::API::Response::Job,"{'area': ['US', 'New York', 'New York City', 'Manhattan', 'Grand Central'], 'display_name': 'Grand Central, Manhattan', '__CLASS__': 'Adzuna::API::Response::Location'}",5020085462,https://www.adzuna.com/details/5020085462?utm_medium=api&utm_source=962be41e,94761.62,"{'__CLASS__': 'Adzuna::API::Response::Category', 'tag': 'it-jobs', 'label': 'IT Jobs'}",-73.97528,eyJhbGciOiJIUzI1NiJ9.eyJpIjoiNTAyMDA4NTQ2MiIsInMiOiJxR0RRc3lfZTd4RzNYVTl4NzhocXRRIn0.9znK6bHcwTR_aKvV55IySHcwjGbswN6YFvJ-iD1NIcU,Data Analyst,1,2025-01-22T14:07:23Z,40.75284,94761.62,"{'__CLASS__': 'Adzuna::API::Response::Company', 'display_name': 'Tandym Group'}",,
"Title: Data Analyst Location: Regional, Hybrid (Northeast Area) Description: The Data Analyst will be responsible for investigating and resolving data quality issues, ensuring compliance with established protocols, and providing client support as the first point of contact for inquiries. This role will involve identifying opportunities for process automation and quality enhancements, managing project contracts within vendor systems, and applying risk and control knowledge to ensure compliance a…",Adzuna::API::Response::Job,"{'display_name': 'Grand Central, Manhattan', 'area': ['US', 'New York', 'New York City', 'Manhattan', 'Grand Central'], '__CLASS__': 'Adzuna::API::Response::Location'}",5020111578,https://www.adzuna.com/details/5020111578?utm_medium=api&utm_source=962be41e,90297.73,"{'__CLASS__': 'Adzuna::API::Response::Category', 'label': 'IT Jobs', 'tag': 'it-jobs'}",-73.97528,eyJhbGciOiJIUzI1NiJ9.eyJpIjoiNTAyMDExMTU3OCIsInMiOiJxR0RRc3lfZTd4RzNYVTl4NzhocXRRIn0.kSHsxbu4LuxZRxoorwUNcU_lKLJShtF99dJ-RzNoKEM,Data Analyst,1,2025-01-22T14:09:18Z,40.75284,90297.73,"{'__CLASS__': 'Adzuna::API::Response::Company', 'display_name': 'Mitchell Martin'}",permanent,full_time
"COMPANY PROFILE: At WTEC Energy, we help bring power to millions of people and businesses across the United States. Headquartered in Hasbrouck Heights, NJ, we are a leading manufacturer servicing the energy market with locations in 4 states. WTEC Energy is a privately held company committed to providing innovative, sustainable energy products and solutions for today and tomorrow. We service and support diverse markets including: Renewables (Solar and Wind), Electric Utility (Transmission, Subst…",Adzuna::API::Response::Job,"{'__CLASS__': 'Adzuna::API::Response::Location', 'display_name': 'Hasbrouck Heights, Bergen County', 'area': ['US', 'New Jersey', 'Bergen County', 'Hasbrouck Heights']}",4814715661,https://www.adzuna.com/details/4814715661?utm_medium=api&utm_source=962be41e,104004.44,"{'tag': 'energy-oil-gas-jobs', 'label': 'Energy, Oil & Gas Jobs', '__CLASS__': 'Adzuna::API::Response::Category'}",-74.074784,eyJhbGciOiJIUzI1NiJ9.eyJpIjoiNDgxNDcxNTY2MSIsInMiOiJxR0RRc3lfZTd4RzNYVTl4NzhocXRRIn0.4MYjtZ64kkx_nG6mxEJ-niZWs_iMTMEBWK6gQW4qpcA,Data Analyst,1,2024-08-07T08:34:52Z,40.862515,104004.44,"{'__CLASS__': 'Adzuna::API::Response::Company', 'display_name': 'Wind Turbine And Energy Cables'}",,
Function / Purpose: This position is responsible for analyzing and preparing data & analysis to internal operations team(s). The Data Analyst will work with the sales and operations teams to develop standard KPI & metrics reports and provide trending/insights as needed. This role will also help develop Control Reports for optimized Data Governance in both Fusion’s operating system (TMS – transportation management system) and BI application. The following are all aspects of a business analyst’s …,Adzuna::API::Response::Job,"{'area': ['US', 'New Jersey', 'Bergen County', 'Rutherford'], 'display_name': 'Rutherford, Bergen County', '__CLASS__': 'Adzuna::API::Response::Location'}",4999311227,https://www.adzuna.com/details/4999311227?utm_medium=api&utm_source=962be41e,84639.88,"{'tag': 'accounting-finance-jobs', 'label': 'Accounting & Finance Jobs', '__CLASS__': 'Adzuna::API::Response::Category'}",-74.109314,eyJhbGciOiJIUzI1NiJ9.eyJzIjoicUdEUXN5X2U3eEczWFU5eDc4aHF0USIsImkiOiI0OTk5MzExMjI3In0.Wo6RDysvWYcxm3XrWOFBrxKQt8KcksZErASQn1OBB08,Data Analyst,1,2025-01-05T23:36:10Z,40.824806,84639.88,"{'__CLASS__': 'Adzuna::API::Response::Company', 'display_name': 'Fusion Transport'}",,
"Company Overview: Public Health Solutions (PHS) is a 501(c)3 non-profit community-based organization (CBO) that has existed for 70 years to improve health equity and address health-related social needs (HRSN) for historically underserved marginalized communities. As the largest public health nonprofit serving New York City, we improve health outcomes and help communities thrive by providing services directly to vulnerable families, supporting community-based organizations through our long-stand…",Adzuna::API::Response::Job,"{'__CLASS__': 'Adzuna::API::Response::Location', 'area': ['US', 'New York', 'New York City', 'Manhattan', 'Canal Street'], 'display_name': 'Canal Street, Manhattan'}",4950490758,https://www.adzuna.com/details/4950490758?utm_medium=api&utm_source=962be41e,70000.0,"{'tag': 'it-jobs', 'label': 'IT Jobs', '__CLASS__': 'Adzuna::API::Response::Category'}",-74.004901,eyJhbGciOiJIUzI1NiJ9.eyJpIjoiNDk1MDQ5MDc1OCIsInMiOiJxR0RRc3lfZTd4RzNYVTl4NzhocXRRIn0.lT5RZqYUgaHZsJZYqupK0a_eQXwf-Uj4WFG6L5j7rg8,Data Analyst,0,2024-11-25T09:18:52Z,40.720431,70000.0,"{'display_name': 'Public Health Solutions', '__CLASS__': 'Adzuna::API::Response::Company'}",,full_time
"Company Overview: Public Health Solutions (PHS) is a 501(c)3 non-profit community-based organization (CBO) that has existed for 70 years to improve health equity and address health-related social needs (HRSN) for historically underserved marginalized communities. As the largest public health nonprofit serving New York City, we improve health outcomes and help communities thrive by providing services directly to vulnerable families, supporting community-based organizations through our long-stand…",Adzuna::API::Response::Job,"{'__CLASS__': 'Adzuna::API::Response::Location', 'display_name': 'Grand Central, Manhattan', 'area': ['US', 'New York', 'New York City', 'Manhattan', 'Grand Central']}",5020078701,https://www.adzuna.com/details/5020078701?utm_medium=api&utm_source=962be41e,71616.45,"{'tag': 'it-jobs', 'label': 'IT Jobs', '__CLASS__': 'Adzuna::API::Response::Category'}",-73.97528,eyJhbGciOiJIUzI1NiJ9.eyJpIjoiNTAyMDA3ODcwMSIsInMiOiJxR0RRc3lfZTd4RzNYVTl4NzhocXRRIn0.I-Xu-BzOv6knGhCOLp_mpFrnQaCy4igABaZEOEWsWBk,Data Analyst,1,2025-01-22T14:06:53Z,40.75284,71616.45,"{'__CLASS__': 'Adzuna::API::Response::Company', 'display_name': 'Public Health Solutions'}",,
"The Fund for Public Health in New York City (FPHNYC) is a 501(c)3 non-profit organization that is dedicated to the advancement of the health and well-being of all New Yorkers. To this end, in partnership with the New York City Department of Health and Mental Hygiene (DOHMH), FPHNYC incubates innovative public health initiatives implemented by DOHMH to advance community health throughout the city. It facilitates partnerships, often new and unconventional, between government and the private secto…",Adzuna::API::Response::Job,"{'__CLASS__': 'Adzuna::API::Response::Location', 'display_name': 'Astoria, Queens', 'area': ['US', 'New York', 'New York City', 'Queens', 'Astoria']}",4870339395,https://www.adzuna.com/details/4870339395?utm_medium=api&utm_source=962be41e,78272.53,"{'__CLASS__': 'Adzuna::API::Response::Category', 'label': 'Admin Jobs', 'tag': 'admin-jobs'}",-73.93254,eyJhbGciOiJIUzI1NiJ9.eyJpIjoiNDg3MDMzOTM5NSIsInMiOiJxR0RRc3lfZTd4RzNYVTl4NzhocXRRIn0.BT-WNDElk60DpCLe0hLdblUwx69J4zWwC_iVvWMV76A,Data Analyst,1,2024-09-20T06:16:45Z,40.74816,78272.53,"{'__CLASS__': 'Adzuna::API::Response::Company', 'display_name': 'Fund For Public Health'}",,
"Company Description Job Description The NYC Department of Environmental Protection (DEP) enriches the environment and protects public health for all New Yorkers by providing 1.1 billion gallons of high quality drinking water, managing wastewater and stormwater, and reducing air, noise, and hazardous materials pollution. DEP is the largest combined municipal water and wastewater utility in the country, with nearly 6,000 employees. DEP's water supply system is comprised of 19 reservoirs and 3 con…",Adzuna::API::Response::Job,"{'__CLASS__': 'Adzuna::API::Response::Location', 'display_name': 'Queens, New York City', 'area': ['US', 'New York', 'New York City', 'Queens']}",5020100169,https://www.adzuna.com/details/5020100169?utm_medium=api&utm_source=962be41e,119058.51,"{'__CLASS__': 'Adzuna::API::Response::Category', 'tag': 'scientific-qa-jobs', 'label': 'Scientific & QA Jobs'}",-73.820382,eyJhbGciOiJIUzI1NiJ9.eyJpIjoiNTAyMDEwMDE2OSIsInMiOiJxR0RRc3lfZTd4RzNYVTl4NzhocXRRIn0.ZcpQkcNh2j0eEVs3HP2xwUqN4bGg9y0bAhTuyc5cH7o,Data Analyst,1,2025-01-22T14:08:27Z,40.702467,119058.51,"{'display_name': 'City of New York', '__CLASS__': 'Adzuna::API::Response::Company'}",permanent,full_time
"Location: Remote, New York City, or Oakland Travel is encouraged approximately once a quarter, and occasionally required. Role Type: Full-time Compensation: $97,000 Visa sponsorship: Not available Hires remotely in: United States Experience: 3 years of full-time, professional work experience PLEASE APPLY DIRECTLY TO THIS ROLE VIA: https://job-boards.greenhouse.io/recidiviz/jobs/4406926006 - Note: Implementation Engineers and Data Analysts at Recidiviz both work directly with our data and levera…",Adzuna::API::Response::Job,"{'__CLASS__': 'Adzuna::API::Response::Location', 'display_name': 'Oakland Gardens, Queens', 'area': ['US', 'New York', 'New York City', 'Queens', 'Oakland Gardens']}",4890004173,https://www.adzuna.com/details/4890004173?utm_medium=api&utm_source=962be41e,107821.67,"{'__CLASS__': 'Adzuna::API::Response::Category', 'tag': 'it-jobs', 'label': 'IT Jobs'}",-73.756611,eyJhbGciOiJIUzI1NiJ9.eyJpIjoiNDg5MDAwNDE3MyIsInMiOiJxR0RRc3lfZTd4RzNYVTl4NzhocXRRIn0.3-ezkL6NAT1rM7aJOomr8O_Zt35NCOBuzjFXtmZcEuk,Data Analyst,1,2024-10-05T07:52:40Z,40.740006,107821.67,"{'__CLASS__': 'Adzuna::API::Response::Company', 'display_name': 'Recidiviz'}",,full_time
"Location: Remote, New York City, or Oakland Travel is encouraged approximately once a quarter, and occasionally required. Role Type: Full-time Compensation: $97,000 Visa sponsorship: Not available Hires remotely in: United States Experience: 3 years of full-time, professional work experience PLEASE APPLY DIRECTLY TO THIS ROLE VIA: https://job-boards.greenhouse.io/recidiviz/jobs/4406926006 Note: Implementation Engineers and Data Analysts at Recidiviz both work directly with our data and leverage…",Adzuna::API::Response::Job,"{'__CLASS__': 'Adzuna::API::Response::Location', 'display_name': 'Grand Central, Manhattan', 'area': ['US', 'New York', 'New York City', 'Manhattan', 'Grand Central']}",5020090728,https://www.adzuna.com/details/5020090728?utm_medium=api&utm_source=962be41e,99200.66,"{'__CLASS__': 'Adzuna::API::Response::Category', 'label': 'IT Jobs', 'tag': 'it-jobs'}",-73.97528,eyJhbGciOiJIUzI1NiJ9.eyJzIjoicUdEUXN5X2U3eEczWFU5eDc4aHF0USIsImkiOiI1MDIwMDkwNzI4In0.2md7GFv9dMvebYVMXwsrL-J2QdEcEF0v1ROv0ihS_ms,Data Analyst,1,2025-01-22T14:07:46Z,40.75284,99200.66,"{'display_name': 'Recidiviz', '__CLASS__': 'Adzuna::API::Response::Company'}",,full_time
"Data Analyst – part time Netx is a great place to work – we think you’re going to love it here. We pride ourselves on having a great team and fun work environment while doing great work for our industry leading clients like Dick’s Sporting Goods, Conde Nast, Audible.com and others. We’ve been doing this for more than 10 years and we plan to be around for a long time. If you visit our site you’ll see we’re “Results Obsessed”. Clients hire us because we get them quality customers through the inte…",Adzuna::API::Response::Job,"{'__CLASS__': 'Adzuna::API::Response::Location', 'area': ['US', 'New York', 'New York City'], 'display_name': 'New York City, New York'}",4814805203,https://www.adzuna.com/details/4814805203?utm_medium=api&utm_source=962be41e,73059.6,"{'__CLASS__': 'Adzuna::API::Response::Category', 'tag': 'pr-advertising-marketing-jobs', 'label': 'PR, Advertising & Marketing Jobs'}",,eyJhbGciOiJIUzI1NiJ9.eyJzIjoicUdEUXN5X2U3eEczWFU5eDc4aHF0USIsImkiOiI0ODE0ODA1MjAzIn0.MlLY33QDZEKBNeRwoP_kGckr_QxI-r5Ne8Zigy3vGe8,Data Analyst,1,2024-08-07T08:42:40Z,,73059.6,"{'display_name': 'netx', '__CLASS__': 'Adzuna::API::Response::Company'}",,part_time
"Software Guidance & Assistance, Inc., (SGA), is searching for a Data Analyst for a contract assignment with one of our premier financial services clients in New York City, NY . Business group: GBM Business Automation partners with technology and program managers to integrate timelines and deliverables into project plans, create business requirement documents, test scripts, user acceptance testing, project artifacts, identify risks / issues / dependencies and obtain signoffs Responsibilities : M…",Adzuna::API::Response::Job,"{'display_name': 'Grand Central, Manhattan', 'area': ['US', 'New York', 'New York City', 'Manhattan', 'Grand Central'], '__CLASS__': 'Adzuna::API::Response::Location'}",5020090861,https://www.adzuna.com/details/5020090861?utm_medium=api&utm_source=962be41e,98093.76,"{'__CLASS__': 'Adzuna::API::Response::Category', 'tag': 'it-jobs', 'label': 'IT Jobs'}",-73.97528,eyJhbGciOiJIUzI1NiJ9.eyJzIjoicUdEUXN5X2U3eEczWFU5eDc4aHF0USIsImkiOiI1MDIwMDkwODYxIn0.H-JRHuN1_fpl6JjiqCwB_TDguMeztBdct9auFfEg05M,Data Analyst,1,2025-01-22T14:07:47Z,40.75284,98093.76,"{'display_name': 'Software Guidance and Assistance, Inc.', '__CLASS__': 'Adzuna::API::Response::Company'}",,
"Job purpose We are currently seeking a Data Analytics & Resource Planning Specialist to support the People & Culture Department in making data-driven decisions. . Duties and responsibilities The Data Analyst will maintain data storage; assess database design; and gather, organize, and interpret statistical information based on the data in the database. Perform industry research using publically available data sources Requisition and purchase private data sources to provide research and analysis…",Adzuna::API::Response::Job,"{'display_name': 'Little Ferry, Bergen County', 'area': ['US', 'New Jersey', 'Bergen County', 'Little Ferry'], '__CLASS__': 'Adzuna::API::Response::Location'}",4814689290,https://www.adzuna.com/details/4814689290?utm_medium=api&utm_source=962be41e,66133.84,"{'tag': 'it-jobs', 'label': 'IT Jobs', '__CLASS__': 'Adzuna::API::Response::Category'}",-74.042085,eyJhbGciOiJIUzI1NiJ9.eyJzIjoicUdEUXN5X2U3eEczWFU5eDc4aHF0USIsImkiOiI0ODE0Njg5MjkwIn0.DVE1vxYSTC8ey9P2onpwIUcSLtCBqVPGHDd0W52Phqs,Data Analyst,1,2024-08-07T08:32:42Z,40.852878,66133.84,"{'display_name': 'Ferry Machine Corporation', '__CLASS__': 'Adzuna::API::Response::Company'}",,part_time
